word,count
s,47296
album,30072
cd,23208
music,21119
t,20043
great,18689
like,17834
songs,16805
quot,16049
song,14345
love,13282
good,13167
just,12232
best,9257
time,8821
sound,8378
really,8197
band,7273
new,6303
don,6070
rock,5819
listen,5776
track,5489
m,5303
albums,5290
tracks,5081
better,4848
heard,4766
years,4649
way,4619
fan,4562
voice,4555
ve,4554
think,4346
work,4231
live,4120
recording,4014
know,4012
sounds,3993
favorite,3838
say,3741
collection,3690
listening,3671
guitar,3653
lyrics,3645
hear,3571
buy,3559
little,3514
record,3435
version,3338
original,3291
make,3269
beautiful,3264
old,3212
disc,3192
excellent,3180
got,3172
did,3170
quality,2962
long,2913
set,2907
does,2853
bought,2769
release,2762
vocals,2731
amazing,2719
want,2718
different,2681
people,2676
nice,2656
fans,2649
classic,2628
ll,2613
feel,2555
pop,2555
play,2552
d,2528
wonderful,2515
playing,2485
hard,2482
lot,2463
b,2447
come,2388
enjoy,2384
worth,2380
musical,2360
bad,2348
right,2339
day,2324
bit,2300
life,2261
metal,2238
jazz,2191
makes,2159
thing,2148
world,2139
style,2121
recommend,2097
recordings,2091
awesome,2081
