word,mutual_information
great,0.00965379312411595
bad,0.0063942207140950625
love,0.005747052995341903
like,0.0052563567053611785
don,0.0044161410168822475
better,0.004376893393114172
just,0.0042819351194155345
good,0.0040374020217321845
songs,0.0032740548661905618
sounds,0.002746236629304861
did,0.002541257314489743
awesome,0.002516777731435016
album,0.002321359865202752
wonderful,0.0023204825843993367
sound,0.002309609223692751
want,0.0022445870643517506
excellent,0.0022204684014479562
really,0.0021881290199760807
record,0.002070650607915617
beautiful,0.0019478518286447284
amazing,0.0018677930659835823
best,0.001795359282974099
tracks,0.0017734361108925865
little,0.0017528928434968356
music,0.0017185846218795223
thing,0.0017165597549936317
make,0.0016804585256398334
think,0.0016547920841663082
song,0.0016307117751320516
cd,0.001612031112694993
original,0.0015742130161737235
quality,0.0015556144898762174
disc,0.0015482522913036361
people,0.0015418678769612414
say,0.0015192762507601227
does,0.001511152767457983
way,0.0014891227717973331
favorite,0.0014591334590708322
play,0.0013761794801011211
know,0.0013697502253253524
classic,0.0013239720181747734
nice,0.0012653401124609266
fan,0.0012287648807017648
old,0.0012251025848221315
bit,0.0012048445496464465
pop,0.0012016206871410403
buy,0.0011855382699349959
lot,0.0011586409318874616
ll,0.0011431848935352456
fans,0.001124917811676768
time,0.0010930566466821703
band,0.0010618237155746418
collection,0.0010608953773241817
version,0.0010509842357808202
listen,0.0010443647997824075
bought,0.001036479266352836
release,0.0010212794845582034
albums,0.0009963304183917836
listening,0.0009944596777369014
enjoy,0.0009899324269631658
ve,0.0009755694228143519
lyrics,0.0009342286873442298
track,0.0009248910063562904
long,0.0009135319810405872
recording,0.0009012540933331359
come,0.0008978757716982876
got,0.0008934982587642863
right,0.0008877358362607647
day,0.0008832732623740437
years,0.0008701022175018445
hard,0.0008647479207835973
hear,0.0008361754386973371
work,0.0008346370336649859
feel,0.0008279278692206831
recommend,0.0008006040035184282
recordings,0.0007748499843977055
voice,0.0007706465344600227
different,0.0007700585065754513
new,0.0007486023430793275
world,0.0007469966478134452
heard,0.0007436402896382178
playing,0.0007372299766123155
live,0.0007366598397242337
rock,0.0007267409906301737
life,0.0006836820517313158
guitar,0.0006741081167942884
makes,0.0006585092052035256
style,0.0006387465340371864
vocals,0.0006204332031057842
metal,0.0006190610089500455
musical,0.0006066812316735978
worth,0.000602716143103882
set,0.0005878985144016668
jazz,0.0005691777837608318
quot,0.0004902655858655637
s,0.0
m,0.0
t,0.0
b,0.0
d,0.0
