word,own_model,pretrained
great,"fantastic, wonderful, terrific, good, excelent","terrific, fantastic, tremendous, wonderful, good"
terrible,"horrible, awful, poor, bad, phony","horrible, horrendous, dreadful, awful, horrid"
boring,"monotonous, repetitive, dull, repetitious, uninteresting","dull, uninteresting, monotonous, bored, bland"
vinyl,"pressing, lp, gatefold, turntable, repressing","vinyl_LP, Vinyl, vinyls, gram_vinyl, vinyl_albums"
pressing,"vinyl, defect, equipment, reissue, remaster","pressed, Pressing, pushing, vexing, urgent"
remaster,"reissue, remastering, remastered, mastering, pressing","remastering, remastered, remasters, newly_remastered, remastered_versions"
scratched,"damaged, defective, examined, warped, worn","scratches, scratch, Scratched, bruise, Scratches"
skips,"skipped, scratches, skipping, defect, scratched","skipped, skipping, misses, avoids, cancels"
jazz,"fusion, messengers, latin, blues, fusing","jazz_blues, jazz_funk, jazz_musicians, saxophonist, jazz_fusion"
beatles,"kinks, gt, pepper, stones, sgt","Fab_Four, Beatle, Rolling_Stones, Led_Zeppelin, Jimi_Hendrix"
